"Lemma","Wordform","TokenID","FileID"
"mini-production","mini-production",136102,"A06"
"mini-production","mini-production",136364,"A06"
"mini-com","Minicom",371237,"A0E"
"mini-sharpening_steel","mini-sharpening",432053,"A0G"
"mini-sleeper","mini-sleeper",450424,"A0G"
"mini-sleeper","minisleepers",450448,"A0G"
"mini-pill","MINI-PILL",518162,"A0J"
"mini-pill","mini-pill",518342,"A0J"
"mini-pill","Mini-pill",520658,"A0J"
"mini-temple","mini-temple",719701,"A0P"
"mini-advertising","mini-advertising",745086,"A0P"
"mini-buffet","mini-buffet",1034888,"A11"
"mini-buffet","mini-buffets",1035111,"A11"
"mini-link","MiniLink",1039689,"A11"
"mini-forest","mini-forest",1150615,"A15"
"mini-trunking","mini-trunking",1172703,"A16"
"mini-trunking","mini-trunking",1172714,"A16"
"mini-trunking","mini-trunking",1173372,"A16"
"mini-trunking","mini-trunking",1173384,"A16"
"mini-tour","Mini-Tour",1289876,"A19"
"mini-cab","mini-cab",1416422,"A1D"
"mini-skirt","mini-skirts",1494515,"A1N"
"mini-constitution","mini-constitution",1535060,"A1V"
"mini-constitution","mini-constitution",1541741,"A1V"
"mini-constitution","mini-constitution",1542167,"A1V"
"mini-series","mini-series",1599356,"A25"
"mini-conglomerate","mini-conglomerate",1605676,"A26"
"mini-series","mini-series",1665610,"A2D"
"mini-dress","mini-dress",1736751,"A2N"
"mini-season","mini-seasons",1844494,"A32"
"mini-skirt","mini-skirt",1866560,"A35"
"mini-conglomerate","mini-conglomerate",1884679,"A37"
"mini-conglomerate","mini-conglomerate",1885844,"A37"
"mini-cab","mini-cab",1955993,"A3K"
"mini-master","mini-Masters",1965081,"A3L"
"mini-summit","mini-summit",2027378,"A3U"
"mini-conglomerate","mini-conglomerate",2183092,"A4F"
"mini-skirt","mini-skirt",2352966,"A56"
"mini-skirt","mini-skirts",2353252,"A56"
"mini-cab","mini-cab",2353692,"A56"
"mini-cab","mini-cab",2353715,"A56"
"mini-skirt","mini-skirt",2390213,"A59"
"mini-skirt","mini-skirt",2390505,"A59"
"mini-van","minivans",2444536,"A5G"
"mini-van","minivan",2444656,"A5G"
"mini-hero","mini-hero",2529547,"A5V"
"mini-hero","mini-hero",2529573,"A5V"
"mini-computer","minicomputers",2610498,"A60"
"mini-trespass","mini-trespass",2753266,"A65"
"mini-budget","mini-budget",2788100,"A66"
"mini-bus","minibus",2851082,"A67"
"mini-cinema","mini-cinema",3101827,"A6C"
"mini-country","mini-country",3405465,"A6M"
"mini-feeder","mini-feeder",3480943,"A6R"
"mini-series","mini-series",3482302,"A6R"
"mini-car","minicar",3616251,"A6V"
"mini-bus","minibus",3663468,"A6W"
"mini-bus","minibus",3947485,"A77"
"mini-bus","minibus",3983566,"A77"
"mini-summa","mini-Summa",4110122,"A7C"
"mini-major","mini-majors",4357830,"A7L"
"mini-dress","mini-dress",4412809,"A7S"
"mini-bar","mini-bar",4547273,"A89"
"mini-computer","minicomputer",4581417,"A8E"
"mini-supercomputer","mini-supercomputers",4674466,"A8R"
"mini-/mainframe","mini/mainframe",4674771,"A8R"
"mini-computer","minicomputer",4675000,"A8R"
"mini-computer","minicomputer",4686464,"A8U"
"mini-computer","minicomputer",4686468,"A8U"
"mini-drama","mini-drama",4719490,"A8X"
"mini-conglomerate","mini-conglomerate",4769157,"A94"
"mini-blob","mini-blob",4791542,"A96"
"mini-conglomerate","mini-conglomerate",4842449,"A9D"
"mini-conglomerate","mini-conglomerate",4851436,"A9D"
"mini-bus","minibus",4953958,"A9M"
"mini-cab","minicab",5200698,"AAC"
"mini-cab","minicab",5200776,"AAC"
"mini-cab","minicab",5201129,"AAC"
"mini-cab","minicab",5201196,"AAC"
"mini-timbered","mini-timbered",5314804,"AAR"
"mini-crash","mini-crash",5318804,"AAS"
"mini-series","mini-series",5759778,"ABD"
"mini-revolution","mini-revolution",5785774,"ABD"
"mini-skirt","Miniskirts",5836895,"ABE"
"mini-bank","mini-bank",5936859,"ABF"
"mini-thesis","mini-thesis",5961623,"ABG"
"mini-version","mini-version",6061072,"ABH"
"mini-van","minivan",6135311,"ABJ"
"mini-flutter","mini-flutter",6236676,"ABK"
"mini-triumph","mini-triumph",6397922,"ABR"
"mini-drama","mini-drama",6411906,"ABR"
"mini-cab","minicab",6432874,"ABS"
"mini-van","mini-van",6463096,"ABS"
"mini-van","mini-van",6463333,"ABS"
"mini-bus","minibus",6583660,"ABW"
"mini-skirt","miniskirts",6737605,"AC3"
"mini-breakdown","mini-breakdown",6743681,"AC3"
"mini-cab","mini-cab",7241325,"ACK"
"mini-skirt","mini-skirts",7253740,"ACK"
"mini-skirt","mini-skirt",7263828,"ACK"
"mini-skirt","mini-skirts",7265897,"ACK"
"mini-skirt","mini-skirts",7266117,"ACK"
"mini-skirt","mini-skirts",7266300,"ACK"
"mini-bridal_trousseau","mini-bridal",7288845,"ACL"
"mini-studio","mini-studio",7361765,"ACN"
"mini-series","mini-series",7367286,"ACN"
"mini-suite","mini-suites",7386323,"ACN"
"mini-bus","mini-buses",7413185,"ACP"
"mini-skirt","mini-skirt",7425036,"ACP"
"mini-console","mini-console",7472780,"ACR"
"mini-digger","mini-digger",7492313,"ACR"
"mini-celebration","mini-celebrations",7506478,"ACS"
"mini-meadow","mini-meadow",7624028,"ACX"
"mini-meadow","mini-meadow",7639825,"ACX"
"mini-meadow","mini-meadow",7640169,"ACX"
"mini-meadow","mini-meadow",7641218,"ACX"
"mini-costa","mini-Costa",7641547,"ACX"
"mini-farm","mini-farm",7658531,"ACX"
"mini-vegetable","mini-vegetables",7664713,"ACX"
"mini-goal","mini-goals",7727785,"AD0"
"mini-skirt","miniskirts",8152229,"ADG"
"mini-skirt","miniskirts",8167886,"ADG"
"mini-skirt","miniskirt",8178845,"ADG"
"mini-bus","minibuses",8217291,"ADK"
"mini-mag","MiniMag",8240075,"ADK"
"mini-mag","MiniMag",8243322,"ADK"
"mini-mag","MiniMag",8243363,"ADK"
"mini-finding","mini-finding",8248540,"ADL"
"mini-series","mini-series",8252540,"ADL"
"mini-finding","mini-finding",8257295,"ADL"
"mini-series","mini-series",8269173,"ADL"
"mini-series","mini-series",8381900,"ADR"
"mini-series","mini-series",8400520,"ADR"
"mini-skirt","mini-skirts",8407085,"ADR"
"mini-series","mini-series",8407409,"ADR"
"mini-series","mini-series",8407431,"ADR"
"mini-bus","minibus",9013385,"AHC"
"mini-cab","minicab",9036845,"AHF"
"mini-slab","mini-slabs",9053426,"AHF"
"mini-bus","minibus",9148639,"AHK"
"mini-cab","minicab",9190471,"AHN"
"mini-zyme","minizyme",9213838,"AHP"
"mini-zyme","minizyme",9213917,"AHP"
"mini-zyme","minizyme",9213961,"AHP"
"mini-skirt","mini-skirt",9301871,"AHX"
"mini-computer","minicomputer",9323835,"AHY"
"mini-computer","minicomputer",9324534,"AHY"
"mini-computer","minicomputer",9325010,"AHY"
"mini-series","mini-series",9329814,"AJ0"
"mini-rugby","mini-rugby",9441405,"AJA"
"mini-rugby","mini-rugby",9441482,"AJA"
"mini-cinema","mini-cinema",9505355,"AJF"
"mini-boom","mini-boom",9679324,"AJX"
"mini-cab","mini-cab",9725206,"AJY"
"mini-league","mini-league",9815614,"AK6"
"mini-league","mini-leagues",9815769,"AK6"
"mini-bus","mini-bus",9839027,"AK6"
"mini-skirt","mini-skirt",10163445,"AL0"
"mini-woodland","mini-woodland",10175066,"AL3"
"mini-league","Mini-leagues",10204273,"AL3"
"mini-league","mini-leagues",10204343,"AL3"
"mini-home","minihomes",10215154,"AL3"
"mini-war","mini-wars",10219455,"AL5"
"mini-bus","minibus",10230299,"AL6"
"mini-drama","mini-drama",10448735,"ALJ"
"mini-gas","MiniGas",10696734,"ALV"
"mini-chrom","Minichrom",10700696,"ALV"
"mini-market","mini-market",10857841,"AM0"
"mini-market","mini-market",10860990,"AM0"
"mini-bus","minibus",10883490,"AM0"
"mini-bus","minibuses",11093212,"AM9"
"mini-golf","minigolf",11209168,"AMD"
"mini-bar","minibar",11209235,"AMD"
"mini-bar","minibar",11213538,"AMD"
"mini-golf","mini-golf",11214347,"AMD"
"mini-bar","minibar",11215618,"AMD"
"mini-bus","minibus",11219177,"AMD"
"mini-golf","minigolf",11219432,"AMD"
"mini-golf","mini-golf",11220647,"AMD"
"mini-golf","minigolf",11220919,"AMD"
"mini-golf","minigolf",11222053,"AMD"
"mini-golf","minigolf",11228294,"AMD"
"mini-golf","mini-golf",11228359,"AMD"
"mini-golf","minigolf",11229716,"AMD"
"mini-tournament","mini-tournaments",11234277,"AMD"
"mini-bar","minibar",11234418,"AMD"
"mini-golf","mini-golf",11236189,"AMD"
"mini-golf","minigolf",11237904,"AMD"
"mini-golf","mini-golf",11238915,"AMD"
"mini-bar","mini-bar",11240510,"AMD"
"mini-golf","Mini-golf",11242330,"AMD"
"mini-network","mini-network",11243660,"AMD"
"mini-golf","mini-golf",11246481,"AMD"
"mini-theory","mini-theory",11282358,"AMG"
"mini-theory","mini-theories",11282407,"AMG"
"mini-ridley_affair","mini-Ridley",11341961,"AMK"
"mini-golf","mini-golf",11592712,"AMW"
"mini-golf","mini-golf",11592913,"AMW"
"mini-golf","mini-golf",11596137,"AMW"
"mini-market","mini-market",11596768,"AMW"
"mini-club","Mini-Club",11598254,"AMW"
"mini-bus","mini-bus",11598296,"AMW"
"mini-bus","mini-bus",11598544,"AMW"
"mini-hollywood","Mini-Hollywood",11600309,"AMW"
"mini-hollywood","Mini-Hollywood",11600315,"AMW"
"mini-golf","mini-golf",11600678,"AMW"
"mini-golf","mini-golf",11601429,"AMW"
"mini-village","mini-villages",11602770,"AMW"
"mini-club","miniclub",11603696,"AMW"
"mini-club","miniclub",11604501,"AMW"
"mini-club","miniclub",11605905,"AMW"
"mini-market","mini-market",11610589,"AMW"
"mini-club","miniclubs",11611228,"AMW"
"mini-market","Mini-market",11611404,"AMW"
"mini-golf","mini-golf",11612913,"AMW"
"mini-bus","mini-bus",11658064,"AMY"
"mini-bus","minibus",12022305,"AN9"
"mini-renaissance","mini-Renaissance",12079815,"ANB"
"mini-bus","mini-bus",12183110,"AND"
"mini-bus","mini-buses",12184049,"AND"
"mini-bus","minibus",12579549,"ANU"
"mini-chromosome","mini-chromosomes",12621496,"ANX"
"mini-budget","mini-budgets",12716037,"AP0"
"mini-hansard","mini-Hansard",12957267,"APE"
"mini-lab","mini-lab",13035734,"APL"
"mini-lab","mini-lab",13038995,"APL"
"mini-skirt","mini-skirts",13330868,"APU"
"mini-skirt","mini-skirt",14019283,"ARH"
"mini-series","mini-series",14056423,"ARJ"
"mini-ramp","mini-ramp",14119514,"ARM"
"mini-skirt","mini-skirts",14130793,"ARP"
"mini-skirt","mini-skirts",14130805,"ARP"
"mini-skirt","mini-skirts",14134471,"ARP"
"mini-skirt","mini-skirts",14134509,"ARP"
"mini-com","Minicom",14297173,"ARW"
"mini-survey","mini-survey",14360693,"AS1"
"mini-survey","mini-survey",14361171,"AS1"
"mini-survey","mini-survey",14363367,"AS1"
"mini-van","mini-van",14418590,"AS3"
"mini-riot","mini-riots",14484060,"AS6"
"mini-fair","Mini-Fair",14693048,"ASD"
"mini-moke","Mini-Moke",14694255,"ASD"
"mini-volcano","mini-volcano",15001353,"ASR"
"mini-tanker","minitanker",15129400,"ASV"
"mini-lp","mini-LP",15259467,"AT1"
"mini-lp","mini-LP",15259553,"AT1"
"mini-lp","mini-LP",15260067,"AT1"
"mini-bus","minibus",15341077,"AT4"
"mini-bus","minibus",15341208,"AT4"
"mini-commandment","mini-commandments",15668963,"AYK"
"mini-statement","mini-statement",15729374,"AYP"
"mini-statement","mini-statement",15730034,"AYP"
"mini-step","mini-steps",16785525,"B10"
"mini-computer","minicomputers",16983426,"B15"
"mini-tab","Minitab",16999284,"B16"
"mini-tab","Minitab",16999853,"B16"
"mini-tab","Minitab",16999874,"B16"
"mini-tab","Minitab",16999957,"B16"
"mini-tab","Minitab",17001434,"B16"
"mini-tab","Minitab",17007078,"B16"
"mini-tab","Minitab",17014836,"B16"
"mini-tab","Minitab",17029669,"B16"
"mini-tab","MINITAB",17259174,"B1G"
"mini-genocide","mini-genocide",17355282,"B1J"
"mini-clubman","mini-clubman",17407878,"B1L"
"mini-world","mini-world",17413813,"B1L"
"mini-dictionary","mini-dictionaries",17524436,"B1P"
"mini-break","mini-breaks",17535716,"B1P"
"mini-bus","minibus",17897756,"B23"
"mini-supply","mini-supply",17916736,"B23"
"mini-rebellion","mini-rebellion",17945607,"B24"
"mini-frac","mini-frac",18432490,"B2J"
"mini-frac","mini-frac",18432614,"B2J"
"mini-udc","mini-UDCs",18495708,"B2L"
"mini-disc","mini-discs",18778844,"B2Y"
"mini-bus","minibus",18897015,"B32"
"mini-bus","minibus",18900091,"B32"
"mini-film","mini-films",18935731,"B33"
"mini-skirt","mini-skirt",18994262,"B38"
"mini-skirt","miniskirt",19015165,"B38"
"mini-tin","mini-tin",19016411,"B38"
"mini-course","mini-courses",19098473,"B3D"
"mini-computer","minicomputer",19104281,"B3D"
"mini-bus","minibus",19333882,"B3K"
"mini-prize","mini-prize",19354555,"B71"
"mini-treaty","mini-treaty",19572264,"B75"
"mini-computer","minicomputers",19627666,"B77"
"mini-max","minimax",19688670,"B78"
"mini-tram","minitrams",19698263,"B78"
"mini-computer","minicomputer",19783307,"B7C"
"mini-watergate","mini-Watergate",19823771,"B7C"
"mini-tel","Minitel",19825984,"B7C"
"mini-cement","mini-cement",19882314,"B7E"
"mini-computer","minicomputers",19890330,"B7F"
"mini-computer","minicomputers",19890586,"B7F"
"mini-computer","minicomputer",19897497,"B7F"
"mini-computer","mini-computers",19897517,"B7F"
"mini-computer","minicomputers",19897557,"B7F"
"mini-tel","Minitel",19897831,"B7F"
"mini-article","mini-articles",19949168,"B7G"
"mini-politics","mini-politics",19992849,"B7H"
"mini-windscale","mini-Windscale",20166164,"B7M"
"mini-car","minicar",20562160,"BM5"
"mini-van","minivans",20566302,"BM5"
"mini-van","minivan",20580344,"BM5"
"mini-parade","mini-parade",20621107,"BM6"
"mini-captain","mini-captain",20745822,"BMB"
"mini-lab","Minilab",21067842,"BMK"
"mini-bus","minibus",21262697,"BMR"
"mini-chip","Minichips",21743832,"BN4"
"mini-quiz","mini-quiz",21930973,"BN9"
"mini-interview","mini-interview",21951447,"BNA"
"mini-bus","mini-bus",22260506,"BNJ"
"mini-shellsuit","mini-shellsuit",22419995,"BNP"
"mini-dress","minidress",22440671,"BNS"
"mini-cab","minicab",22476711,"BNT"
"mini-tel","Minitel",22531699,"BNV"
"mini-map","mini-map",22541533,"BNV"
"mini-map","minimap",22541549,"BNV"
"mini-bus","minibus",23419797,"C88"
"mini-bus","Minibus",23430847,"C88"
"mini-bus","minibus",23430872,"C88"
"mini-bus","minibus",23431067,"C88"
"mini-bus","minibus",23431087,"C88"
"mini-bus","minibus",23431149,"C88"
"mini-business","mini-business",23433226,"C88"
"mini-business","mini-business",23433273,"C88"
"mini-bus","minibus",23435862,"C88"
"mini-bus","Minibus",23446691,"C88"
"mini-series","mini-series",23490944,"C8A"
"mini-skirt","mini-skirts",23610314,"C8E"
"mini-roundabout","mini-roundabouts",23661437,"C8F"
"mini-bus","minibus",23681119,"C8F"
"mini-roundabout","mini-roundabouts",23683156,"C8F"
"mini-bus","mini-bus",23706034,"C8H"
"mini-debate","mini-debate",23904276,"C8R"
"mini-skirt","mini-skirt",24023587,"C8U"
"mini-castor","Mini-castors",24106147,"C8Y"
"mini-jacuzzi","mini-jacuzzi",24349818,"C95"
"mini-seed","Mini-seed",24357407,"C95"
"mini-mattress","mini-mattresses",24422498,"C96"
"mini-electric","mini-electric",24473354,"C97"
"mini-tv","mini-TV",24724423,"C9H"
"mini-fan","mini-fan",24750047,"C9J"
"mini-tour","mini-tour",24816149,"C9K"
"mini-jack","mini-jack",24821631,"C9K"
"mini-lp","mini-LP",24839980,"C9K"
"mini-schaller","mini-Schaller",24845517,"C9K"
"mini-humbucker","mini-humbuckers",24894855,"C9L"
"mini-switch","mini-switch",24898088,"C9L"
"mini-performance","mini-performance",24900940,"C9L"
"mini-headphone","mini-headphones",24911825,"C9L"
"mini-switch","mini-switch",24934947,"C9M"
"mini-dot","mini-dots",24942870,"C9M"
"mini-toggle","mini-toggle",24958762,"C9M"
"mini-stack","mini-stack",25000432,"C9M"
"mini-mixer","mini-mixer",25019681,"C9N"
"mini-brute","Minibrute",25021306,"C9N"
"mini-button","mini-buttons",25021484,"C9N"
"mini-button","mini-button",25021586,"C9N"
"mini-button","mini-button",25021927,"C9N"
"mini-tour","mini-tour",25042484,"C9N"
"mini-com","minicom",25104061,"C9R"
"mini-car","mini-car",25121296,"C9R"
"mini-skirt","mini-skirts",25208567,"C9U"
"mini-bus","minibus",25671779,"CA7"
"mini-dress","mini-dress",25731125,"CA9"
"mini-dress","mini-dress",25755347,"CA9"
"mini-bus","minibus",25763581,"CA9"
"mini-length","mini-length",25764288,"CA9"
"mini-bus","minibus",25889312,"CAD"
"mini-series","mini-series",25913029,"CAD"
"mini-album","mini-album",25917979,"CAD"
"mini-disc","MiniDisc",25940938,"CAE"
"mini-bus","minibus",25973546,"CAE"
"mini-lp","mini-LP",25979168,"CAE"
"mini-album","mini-album",25981437,"CAE"
"mini-greatest","mini-greatest",25983812,"CAE"
"mini-monologue","mini-monologues",26086333,"CAG"
"mini-charter","mini-charters",26107925,"CAH"
"mini-series","mini-series",26268360,"CAL"
"mini-det","minidet",26313901,"CAM"
"mini-det","minidet",26315931,"CAM"
"mini-com","minicom",26377575,"CAP"
"mini-com","minicom",26377608,"CAP"
"mini-clinic","mini-clinics",26399427,"CAP"
"mini-convention","mini-convention",26460896,"CAS"
"mini-section","mini-section",26670916,"CB2"
"mini-corporation","mini-corporations",26713000,"CB3"
"mini-rugby","mini-rugby",26719954,"CB3"
"mini-cab","mini-cab",26880592,"CB8"
"mini-dress","mini-dress",27092988,"CBC"
"mini-epidemic","mini-epidemic",27114270,"CBC"
"mini-vision","mini-vision",27140252,"CBC"
"mini-cab","minicab",27165588,"CBC"
"mini-series","mini-series",27252259,"CBC"
"mini-tel","Minitel",27258231,"CBC"
"mini-series","mini-series",27270479,"CBC"
"mini-vision","mini-vision",27270930,"CBC"
"mini-cab","mini-cab",27275695,"CBC"
"mini-cab","mini-cab",27275851,"CBC"
"mini-compendium","mini-compendium",27276001,"CBC"
"mini-revival","mini-revival",27309208,"CBD"
"mini-bus","mini-bus",27469162,"CBF"
"mini-series","mini-series",27579915,"CBF"
"mini-agricultural","mini-agricultural",27580035,"CBF"
"mini-series","mini-series",27605292,"CBF"
"mini-bus","mini-buses",27669196,"CBG"
"mini-revival","mini-revival",27755933,"CBG"
"mini-computer","minicomputers",28030584,"CBM"
"mini-computer","minicomputer",28030656,"CBM"
"mini-computer","minicomputer",28030664,"CBM"
"mini-tripod","mini-tripod",28095623,"CBP"
"mini-format","mini-format",28102739,"CBP"
"mini-screen","mini-screen",28103157,"CBP"
"mini-tripod","mini-tripods",28103407,"CBP"
"mini-holiday","Mini-Holidays",28200983,"CBT"
"mini-holiday","Mini-Holidays",28201140,"CBT"
"mini-computer","minicomputers",28403350,"CBV"
"mini-scribe","MiniScribe",28483336,"CBW"
"mini-computer","minicomputer",28512207,"CBW"
"mini-computer","Minicomputers",28611791,"CBX"
"mini-scribe","MINISCRIBE",28670227,"CBY"
"mini-scribe","Miniscribe",28670247,"CBY"
"mini-scribe","Miniscribe",28670276,"CBY"
"mini-scribe","Miniscribe",28670339,"CBY"
"mini-scribe","Miniscribe",28670366,"CBY"
"mini-scribe","Miniscribe",28670385,"CBY"
"mini-scribe","Miniscribe",28670435,"CBY"
"mini-scribe","Miniscribe",28670471,"CBY"
"mini-bus","minibuses",28919594,"CCC"
"mini-coach","mini-coach",29060209,"CCJ"
"mini-bus","minibus",29061222,"CCJ"
"mini-bus","minibus",29266702,"CCP"
"mini-battle","mini-battles",29333584,"CCS"
"mini-battle","mini-battles",29339088,"CCS"
"mini-lecture","mini-lectures",29441291,"CCV"
"mini-shed","mini-shed",29550326,"CCY"
"mini-cab","mini-cab",29703264,"CD5"
"mini-fad","mini-fad",29711910,"CD5"
"mini-orgy","mini-orgy",29957581,"CDB"
"mini-bus","minibus",29960579,"CDB"
"mini-series","mini-series",30149630,"CDG"
"mini-series","mini-series",30154226,"CDG"
"mini-cab","minicab",30449908,"CDT"
"mini-skirt","miniskirts",30492415,"CDU"
"mini-office","mini-offices",31177372,"CEF"
"mini-mass","mini-mass",31364950,"CEK"
"mini-version","mini-version",31367095,"CEK"
"mini-cab","mini-cab",31383306,"CEK"
"mini-boom","mini-boom",31474292,"CEL"
"mini-buying","mini-buying",31477360,"CEL"
"mini-cab","mini-cab",31542082,"CEN"
"mini-budget","mini-budget",31550403,"CEN"
"mini-cab","minicab",31551059,"CEN"
"mini-cab","minicab",31551165,"CEN"
"mini-riot","mini-riots",31587422,"CEN"
"mini-series","mini-series",31599078,"CEN"
"mini-exam","mini-exams",31610219,"CEN"
"mini-budget","Mini-Budget",31632938,"CEN"
"mini-budget","mini-budget",31634216,"CEN"
"mini-series","mini-series",31636883,"CEN"
"mini-budget","mini-budget",31649666,"CEN"
"mini-budget","mini-budget",31649912,"CEN"
"mini-bus","mini-bus",31659863,"CEN"
"mini-league","mini-league",31676382,"CEP"
"mini-league","mini-league",31695296,"CEP"
"mini-league","mini-league",31696878,"CEP"
"mini-slump","mini-slump",31697742,"CEP"
"mini-league","mini-league",31703662,"CEP"
"mini-league","mini-league",31703735,"CEP"
"mini-revival","mini-revival",31712093,"CEP"
"mini-league","mini-league",31714268,"CEP"
"mini-tour","mini-tour",31733256,"CEP"
"mini-league","mini-league",31793238,"CEP"
"mini-league","mini-league",31834443,"CEP"
"mini-league","mini-League",31847921,"CEP"
"mini-violin","mini-violin",32079548,"CEW"
"mini-estate","mini-estate",32289531,"CF9"
"mini-bus","minibus",32308984,"CF9"
"mini-bus","minibus",32309166,"CF9"
"mini-prison","mini-prisons",32326305,"CFB"
"mini-crime","mini-crime",32389080,"CFC"
"mini-measur","mini-measures",32404383,"CFC"
"mini-mesh","minimesh",32739556,"CFT"
"mini-diesel","mini-diesel",32759849,"CFT"
"mini-limousine","mini-limousine",32765577,"CFT"
"mini-computer","mini-computer",32778969,"CFV"
"mini-digger","minidigger",32832009,"CFW"
"mini-apartheid","mini-apartheid",32948465,"CG0"
"mini-malham","mini-Malham",32991835,"CG1"
"mini-marrakech","mini-Marrakech",33027785,"CG2"
"mini-daffodil","mini-daffodils",33027902,"CG2"
"mini-grinder","mini-grinder",33101948,"CG5"
"mini-series","mini-series",33220206,"CGB"
"mini-mail","mini-mail",33224578,"CGB"
"mini-stage","mini-stages",33225873,"CGB"
"mini-series","mini-series",33252421,"CGC"
"mini-airliner","mini-airliner",33495430,"CGL"
"mini-tex","Minitex",33709631,"CGW"
"mini-tex","Minitex",33765708,"CGX"
"mini-tex","Minitex",33765724,"CGX"
"mini-rush","mini-rush",33836168,"CH0"
"mini-missile","minimissile",33837327,"CH0"
"mini-screamer","MINISCREAMER",33846227,"CH0"
"mini-crane","mini-crane",33904300,"CH1"
"mini-royal","mini-royal",33906726,"CH1"
"mini-cab","mini-cab",33982500,"CH1"
"mini-jeep","minijeeps",33985469,"CH1"
"mini-dress","mini-dress",34002333,"CH1"
"mini-series","mini-series",34010862,"CH1"
"mini-soap","mini-soap",34037208,"CH2"
"mini-series","mini-series",34067435,"CH2"
"mini-boom","mini-boom",34102823,"CH2"
"mini-skirt","mini-skirt",34108154,"CH2"
"mini-bus","mini-bus",34112231,"CH2"
"mini-cab","mini-cab",34115750,"CH2"
"mini-mosque","mini-mosque",34148195,"CH2"
"mini-skirt","mini-skirts",34163877,"CH2"
"mini-series","mini-series",34179522,"CH2"
"mini-series","mini-series",34179624,"CH2"
"mini-riot","mini-riot",34268462,"CH3"
"mini-bus","mini-bus",34268734,"CH3"
"mini-skirt","mini-skirt",34418220,"CH5"
"mini-bus","minibus",34423267,"CH5"
"mini-cruise","minicruise",34468741,"CH5"
"mini-version","mini-version",34475212,"CH5"
"mini-series","mini-series",34495685,"CH6"
"mini-tv","mini-TV",34496635,"CH6"
"mini-bus","minibus",34501145,"CH6"
"mini-dress","mini-dress",34509131,"CH6"
"mini-cab","mini-cab",34545958,"CH6"
"mini-cab","mini-cab",34546939,"CH6"
"mini-cab","minicab",34556157,"CH6"
"mini-cab","MINICAB",34557299,"CH6"
"mini-cab","MINICAB",34557990,"CH6"
"mini-bus","minibus",34579613,"CH6"
"mini-cab","minicab",34609272,"CH6"
"mini-test","mini-Test",34669111,"CH7"
"mini-album","mini-album",34798225,"CHA"
"mini-series","mini-series",34818904,"CHA"
"mini-cab","mini-cab",34837880,"CHA"
"mini-opera","mini-opera",34839626,"CHA"
"mini-cassette","mini-cassette",34844627,"CHA"
"mini-portable","mini-portable",34845520,"CHA"
"mini-venue","mini-venues",34879852,"CHA"
"mini-lp","mini-LP",34891857,"CHB"
"mini-album","mini-album",34906746,"CHB"
"mini-triumph","mini-triumph",34931089,"CHB"
"mini-bus","Minibus",35174737,"CHK"
"mini-max","Minimax",35239765,"CHP"
"mini-rugby","mini-rugby",35387066,"CHV"
"mini-com","Minicom",35620279,"CJ9"
"mini-com","Minicom",35624533,"CJ9"
"mini-bus","minibus",35907467,"CJH"
"mini-emperor","mini-emperor",35964411,"CJJ"
"mini-grenade","mini-grenades",35971300,"CJJ"
"mini-fridge","mini-fridge",35988596,"CJK"
"mini-bar","mini-bar",35994179,"CJK"
"mini-disneyland","mini-Disneyland",35999697,"CJK"
"mini-bar","mini-bar",36002410,"CJK"
"mini-bar","mini-bars",36003372,"CJK"
"mini-bus","mini-bus",36018623,"CJK"
"mini-bar","mini-bar",36029228,"CJK"
"mini-bus","minibus",36052742,"CJP"
"mini-skirt","mini-skirt",36230540,"CK0"
"mini-dress","mini-dress",36368392,"CK3"
"mini-tour","mini-tour",36373479,"CK4"
"mini-album","mini-album",36375786,"CK4"
"mini-lp","mini-LP",36376467,"CK4"
"mini-lp","mini-LP",36377403,"CK4"
"mini-bus","minibus",36385913,"CK4"
"mini-cabbing","mini-cabbing",36392126,"CK4"
"mini-bus","mini-bus",36403442,"CK4"
"mini-lp","mini-LP",36445012,"CK5"
"mini-lp","mini-LP",36446003,"CK5"
"mini-album","mini-album",36448200,"CK5"
"mini-bus","minibus",36457600,"CK5"
"mini-skirt","mini-skirts",36460056,"CK5"
"mini-bar","mini-bar",36465014,"CK5"
"mini-album","mini-album",36477920,"CK5"
"mini-bus","minibuses",36489822,"CK5"
"mini-lp","mini-LP",36508245,"CK6"
"mini-series","Mini-Series",36508593,"CK6"
"mini-lp","mini-LP",36509465,"CK6"
"mini-lp","mini-LP",36513428,"CK6"
"mini-lp","mini-LP",36513456,"CK6"
"mini-cab","minicab",36520295,"CK6"
"mini-lp","mini-LP",36545572,"CK6"
"mini-hypermarket","mini-hypermarket",36852143,"CKF"
"mini-retrospective","mini-retrospective",37206324,"CKU"
"mini-exhibition","mini-exhibition",37277673,"CKV"
"mini-market","mini-market",37429314,"CKY"
"mini-skirt","mini-skirt",37554968,"CL2"
"mini-bus","minibus",37575635,"CL5"
"mini-gram","MINIGRAMS",37658549,"CL8"
"mini-cartridge","minicartridge",37660005,"CL8"
"mini-cartridge","minicartridge",37660039,"CL8"
"mini-gram","MINIGRAMS",37666904,"CL9"
"mini-gram","MINIGRAMS",37676363,"CLA"
"mini-gram","MINIGRAMS",37683644,"CLB"
"mini-gram","MINIGRAMS",37693055,"CLC"
"mini-computer","minicomputer",37693937,"CLC"
"mini-bus","minibus",37701350,"CLD"
"mini-bus","minibuses",37702310,"CLD"
"mini-bus","minibus",37722656,"CLD"
"mini-bus","minibus",37729359,"CLD"
"mini-note","Mini-note",37912186,"CLL"
"mini-classic","mini-classic",37915837,"CLL"
"mini-bus","minibus",37929906,"CLL"
"mini-bus","minibus",37948726,"CLL"
"mini-survey","mini-surveys",37948983,"CLL"
"mini-bus","minibus",37949217,"CLL"
"mini-bus","minibus",37949356,"CLL"
"mini-version","mini-version",38098667,"CLR"
"mini-option","mini-options",38285756,"CLW"
"mini-mesh","minimesh",38889296,"CMD"
"mini-pump","minipump",38904657,"CMD"
"mini-bus","minibuses",38909300,"CMD"
"mini-skirt","mini-skirt",39154271,"CML"
"mini-gram","MINIGRAMS",39499193,"CMW"
"mini-gram","MINIGRAMS",39512104,"CMX"
"mini-gram","MINIGRAMS",39526165,"CMY"
"mini-tower","minitower",39533865,"CN0"
"mini-gram","MINIGRAMS",39535153,"CN0"
"mini-prairie","mini-prairies",39795117,"CN9"
"mini-computer","minicomputers",39869457,"CNG"
"mini-tel","MINITEL",39880627,"CNH"
"mini-tel","Minitel",39880687,"CNH"
"mini-tel","Minitel",39880907,"CNH"
"mini-tel","Minitel",39880938,"CNH"
"mini-tel","Minitel",39880980,"CNH"
"mini-computer","minicomputer",39888811,"CNJ"
"mini-supercomputer","minisupercomputers",39910644,"CNL"
"mini-computer","minicomputer",39911751,"CNL"
"mini-scribe","MINISCRIBE",39945353,"CNR"
"mini-scribe","MiniScribe",39945381,"CNR"
"mini-scribe","MiniScribe",39945416,"CNR"
"mini-computer","minicomputer-based",39959110,"CNT"
"mini-com","Minicom",39959554,"CNT"
"mini-tel","Minitel",39959555,"CNT"
"mini-tel","Minitel",39959826,"CNT"
"mini-tel","Minitel",39959995,"CNT"
"mini-tel","Minitel",39969468,"CNU"
"mini-tel","Minitel",39969523,"CNU"
"mini-scribe","MiniScribe",40018311,"CP1"
"mini-maker","minimaker",40040521,"CP3"
"mini-computer","minicomputer",40054439,"CP5"
"mini-computer","minicomputer",40055234,"CP5"
"mini-computer","minicomputers",40058022,"CP5"
"mini-computer","minicomputers",40062595,"CP6"
"mini-computer","minicomputer",40067736,"CP6"
"mini-computer","minicomputer",40067793,"CP6"
"mini-phone","MINIPHONE",40093819,"CP9"
"mini-phone","Miniphone",40093825,"CP9"
"mini-tower","minitower",40261526,"CPV"
"mini-tower","minitower",40266818,"CPW"
"mini-tower","minitower",40297516,"CR1"
"mini-scandal","mini-scandal",40508995,"CR8"
"mini-flyweight","mini-flyweight",40566282,"CR9"
"mini-boom","mini-boom",40742931,"CRB"
"mini-collection","mini-collections",40776181,"CRC"
"mini-computer","minicomputers",40815112,"CRC"
"mini-micro","Mini-Micro",41136077,"CRM"
"mini-rhizotron","minirhizotrons",41167071,"CRM"
"mini-rhizotron","minirhizotrons",41167187,"CRM"
"mini-rhizotron","minirhizotrons",41167215,"CRM"
"mini-rhizotron","minirhizotron",41168274,"CRM"
"mini-rhizotron","minirhizotrons",41168298,"CRM"
"mini-bead","Mini-Bead",41172471,"CRM"
"mini-bus","minibus",41439257,"CRS"
"mini-society","mini-society",41498250,"CRT"
"mini-conglomerate","mini-conglomerates",41712046,"CRY"
"mini-supercomputer","minisupercomputer",42054199,"CS8"
"mini-gram","MINIGRAMS",42060686,"CS8"
"mini-computer","minicomputer",42065476,"CS9"
"mini-byte","Mini-Byte",42067234,"CS9"
"mini-byte","Mini-Byte",42067374,"CS9"
"mini-gram","MINIGRAMS",42069350,"CS9"
"mini-computer","minicomputers",42074616,"CSA"
"mini-gram","MINIGRAMS",42080650,"CSA"
"mini-supercomputer","minisupercomputers",42085007,"CSB"
"mini-gram","MINIGRAMS",42090745,"CSB"
"mini-computer","minicomputer-based",42098066,"CSC"
"mini-gram","MINIGRAMS",42102312,"CSC"
"mini-super","minisupers",42111662,"CSD"
"mini-gram","MINIGRAMS",42113220,"CSD"
"mini-gram","MINIGRAMS",42124370,"CSE"
"mini-gram","MINIGRAMS",42135101,"CSF"
"mini-gram","MINIGRAMS",42146945,"CSG"
"mini-supercomputer","minisupercomputer",42151806,"CSH"
"mini-gram","MINIGRAMS",42169576,"CSJ"
"mini-gram","MINIGRAMS",42180880,"CSK"
"mini-computer","minicomputers",42185466,"CSL"
"mini-computer","minicomputer",42185669,"CSL"
"mini-gram","MINIGRAMS",42193076,"CSL"
"mini-gram","MINIGRAMS",42204799,"CSM"
"mini-gram","MINIGRAMS",42213299,"CSN"
"mini-computer","minicomputer",42216472,"CSP"
"mini-computer","minicomputer",42222847,"CSP"
"mini-gram","MINIGRAMS",42224713,"CSP"
"mini-gram","MINIGRAMS",42232900,"CSR"
"mini-super","MINISUPERS",42242724,"CSS"
"mini-supercomputer","minisupercomputers",42242747,"CSS"
"mini-gram","MINIGRAMS",42243260,"CSS"
"mini-gram","MINIGRAMS",42254294,"CST"
"mini-gram","MINIGRAMS",42265978,"CSU"
"mini-gram","MINIGRAMS",42278477,"CSV"
"mini-tech","Minitech",42287472,"CSW"
"mini-gram","MINIGRAMS",42289224,"CSW"
"mini-gram","MINIGRAMS",42301989,"CSX"
"mini-computer","MINICOMPUTER",42312651,"CSY"
"mini-computer","minicomputer",42312668,"CSY"
"mini-gram","MINIGRAMS",42313580,"CSY"
"mini-tower","minitower",42321692,"CT0"
"mini-gram","MINIGRAMS",42325444,"CT0"
"mini-gram","MINIGRAMS",42334950,"CT1"
"mini-gram","MINIGRAMS",42344740,"CT2"
"mini-computer","minicomputer",42351127,"CT3"
"mini-gram","MINIGRAMS",42356519,"CT3"
"mini-computer","minicomputers",42368458,"CT4"
"mini-gram","MINIGRAMS",42369638,"CT4"
"mini-gram","MINIGRAMS",42381933,"CT5"
"mini-gram","MINIGRAMS",42393789,"CT6"
"mini-tower","minitower",42398752,"CT7"
"mini-gram","MINIGRAMS",42407327,"CT7"
"mini-gram","MINIGRAMS",42416027,"CT8"
"mini-supercomputer","minisupercomputer",42418325,"CT9"
"mini-computer","minicomputer",42422602,"CT9"
"mini-gram","MINIGRAMS",42424784,"CT9"
"mini-computer","minicomputer",42433963,"CTA"
"mini-gram","MINIGRAMS",42435873,"CTA"
"mini-gram","MINIGRAMS",42444986,"CTB"
"mini-gram","MINIGRAMS",42456467,"CTC"
"mini-computer","minicomputer",42465207,"CTD"
"mini-gram","MINIGRAMS",42467516,"CTD"
"mini-gram","MINIGRAMS",42477115,"CTE"
"mini-gram","MINIGRAMS",42485524,"CTF"
"mini-tower","mini-tower",42485567,"CTF"
"mini-computer","minicomputer",42489973,"CTG"
"mini-gram","MINIGRAMS",42496790,"CTG"
"mini-gram","MINIGRAMS",42508931,"CTH"
"mini-gram","MINIGRAMS",42521053,"CTJ"
"mini-computer","minicomputer",42525387,"CTK"
"mini-gram","MINIGRAMS",42533335,"CTK"
"mini-maker","minimaker",42538255,"CTL"
"mini-gram","MINIGRAMS",42542438,"CTL"
"mini-gram","MINIGRAMS",42550934,"CTM"
"mini-supercomputer","minisupercomputer",42556381,"CTN"
"mini-computer","minicomputers",42559453,"CTN"
"mini-computer","minicomputer-based",42559695,"CTN"
"mini-gram","MINIGRAMS",42561905,"CTN"
"mini-gram","MINIGRAMS",42570237,"CTP"
"mini-conference","mini-conference",42571061,"CTP"
"mini-computer","MINICOMPUTER",42575146,"CTR"
"mini-computer","minicomputer",42575185,"CTR"
"mini-computer","minicomputer",42575219,"CTR"
"mini-computer","minicomputer",42575370,"CTR"
"mini-gram","MINIGRAMS",42582014,"CTR"
"mini-gram","MINIGRAMS",42590253,"CTS"
"mini-computer","minicomputers",42596368,"CTT"
"mini-computer","minicomputer",42597520,"CTT"
"mini-gram","MINIGRAMS",42598816,"CTT"
"mini-supercomputer","minisupercomputers",42603871,"CTU"
"mini-computer","minicomputers",42604993,"CTU"
"mini-gram","MINIGRAMS",42606769,"CTU"
"mini-supercomputer","minisupercomputers",42611577,"CTV"
"mini-gram","MINIGRAMS",42614360,"CTV"
"mini-computer","minicomputers",42662926,"CTX"
"mini-trunking","mini-trunking",42703225,"CTX"
"mini-bus","minibus",42995122,"E9R"
"mini-bus","minibus",42997820,"E9R"
"mini-state","mini-states",43056090,"E9U"
"mini-computer","minicomputers",43542292,"EA9"
"mini-review","minireviews",43677726,"EAK"
"mini-series","mini-series",43947345,"EB3"
"mini-series","mini-series",43947430,"EB3"
"mini-steg","mini-Stegs",43976617,"EB6"
"mini-league","mini-league",43997354,"EB6"
"mini-bar","minibar",44195740,"EBN"
"mini-bar","mini-bar",44195948,"EBN"
"mini-bar","minibar",44196734,"EBN"
"mini-bar","mini-bar",44197961,"EBN"
"mini-bar","minibar",44198233,"EBN"
"mini-bar","minibar",44198516,"EBN"
"mini-bar","mini-bar",44198638,"EBN"
"mini-bar","minibar",44204265,"EBN"
"mini-bar","mini-bar",44206625,"EBN"
"mini-retrospective","mini-retrospective",44511718,"EBU"
"mini-break","mini-break",44907140,"EC9"
"mini-safe","mini-safe",44907264,"EC9"
"mini-golf","mini-golf",45068530,"ECF"
"mini-bar","mini-bar",45069689,"ECF"
"mini-bar","mini-bar",45070132,"ECF"
"mini-bus","mini-bus",45070423,"ECF"
"mini-bar","mini-bar",45070496,"ECF"
"mini-bar","mini-bar",45071618,"ECF"
"mini-bus","mini-bus",45072726,"ECF"
"mini-bar","mini-bar",45072934,"ECF"
"mini-bar","mini-bar",45074013,"ECF"
"mini-bar","mini-bar",45074280,"ECF"
"mini-bar","mini-bar",45074369,"ECF"
"mini-bus","minibus",45074476,"ECF"
"mini-bar","mini-bar",45074507,"ECF"
"mini-club","Mini-Club",45076001,"ECF"
"mini-bar","mini-bar",45076453,"ECF"
"mini-club","mini-club",45076997,"ECF"
"mini-bar","mini-bar",45077158,"ECF"
"mini-bar","mini-bar",45077393,"ECF"
"mini-golf","mini-golf",45078852,"ECF"
"mini-bar","minibar",45079057,"ECF"
"mini-bar","mini-bar",45079219,"ECF"
"mini-golf","mini-golf",45080135,"ECF"
"mini-bus","mini-bus",45082341,"ECF"
"mini-bus","mini-bus",45082607,"ECF"
"mini-bar","mini-bar",45082818,"ECF"
"mini-bar","mini-bar",45083188,"ECF"
"mini-bar","mini-bar",45083733,"ECF"
"mini-bus","minibus",45086418,"ECF"
"mini-bar","mini-bar",45088525,"ECF"
"mini-bar","mini-bar",45088868,"ECF"
"mini-bar","mini-bar",45090020,"ECF"
"mini-bar","mini-bar",45091295,"ECF"
"mini-bar","mini-bar",45093558,"ECF"
"mini-bar","mini-bar",45099525,"ECF"
"mini-bar","mini-bar",45099640,"ECF"
"mini-bar","mini-bar",45099755,"ECF"
"mini-bar","mini-bar",45100675,"ECF"
"mini-bar","mini-bar",45100846,"ECF"
"mini-golf","mini-golf",45100966,"ECF"
"mini-bar","mini-bar",45101212,"ECF"
"mini-bar","mini-bar",45102355,"ECF"
"mini-bar","mini-bar",45105132,"ECF"
"mini-bar","mini-bar",45105287,"ECF"
"mini-bar","mini-bar",45106621,"ECF"
"mini-bar","mini-bar",45108280,"ECF"
"mini-bus","mini-bus",45109485,"ECF"
"mini-bar","minibar",45109884,"ECF"
"mini-bar","mini-bar",45111085,"ECF"
"mini-bar","mini-bar",45111286,"ECF"
"mini-bar","mini-bar",45111535,"ECF"
"mini-bar","mini-bar",45114671,"ECF"
"mini-bar","mini-bar",45118637,"ECF"
"mini-bar","mini-bar",45118650,"ECF"
"mini-bar","mini-bar",45120913,"ECF"
"mini-bar","mini-bar",45121096,"ECF"
"mini-bar","mini-bar",45121338,"ECF"
"mini-bar","mini-bar",45121350,"ECF"
"mini-bar","mini-bar",45121367,"ECF"
"mini-bar","mini-bar",45122131,"ECF"
"mini-bar","mini-bar",45124325,"ECF"
"mini-bar","mini-bar",45125306,"ECF"
"mini-bar","mini-bar",45125543,"ECF"
"mini-bar","mini-bar",45125558,"ECF"
"mini-bar","minibar",45125673,"ECF"
"mini-bar","mini-bar",45132446,"ECF"
"mini-bar","mini-bar",45133680,"ECF"
"mini-bar","minibar",45134821,"ECF"
"mini-bar","mini-bar",45137991,"ECF"
"mini-hms","mini-HMS",45154936,"ECG"
"mini-trunking","mini-trunking",45214026,"ECJ"
"mini-trunking","minitrunking",45214986,"ECJ"
"mini-gym","mini-gym",45245657,"ECK"
"mini-brewery","minibrewery/pub",45387315,"ECS"
"mini-grand","mini-grand",45436111,"ECT"
"mini-14","Mini-14",45499445,"ECU"
"mini-14","Mini-14",45500576,"ECU"
"mini-14","Mini-14",45500616,"ECU"
"mini-tel","Minitel",45576864,"ECX"
"mini-tel","Minitel",45576939,"ECX"
"mini-aileron","mini-ailerons",45609783,"ECX"
"mini-bar","minibar",45674844,"ED1"
"mini-bar","minibar",45675008,"ED1"
"mini-bar","minibar",45675068,"ED1"
"mini-bar","minibar",45675803,"ED1"
"mini-bar","minibar",45675856,"ED1"
"mini-bar","minibar",45676239,"ED1"
"mini-bar","minibar",45676472,"ED1"
"mini-bar","minibar",45676534,"ED1"
"mini-bar","minibar",45676827,"ED1"
"mini-bar","minibar",45676906,"ED1"
"mini-bar","minibar",45677138,"ED1"
"mini-bar","minibar",45677225,"ED1"
"mini-bar","minibar",45677504,"ED1"
"mini-bar","minibar",45677800,"ED1"
"mini-bar","minibar",45677842,"ED1"
"mini-bar","minibar",45677905,"ED1"
"mini-bar","minibar",45678275,"ED1"
"mini-bar","minibar",45678682,"ED1"
"mini-bar","minibar",45678723,"ED1"
"mini-bar","minibar",45678770,"ED1"
"mini-bar","minibar",45678917,"ED1"
"mini-bar","minibar",45678999,"ED1"
"mini-bar","minibar",45679140,"ED1"
"mini-bar","minibar",45679337,"ED1"
"mini-bar","mini-bar",45680744,"ED1"
"mini-bar","minibar",45681133,"ED1"
"mini-golf","mini-golf",45683126,"ED1"
"mini-bar","minibar",45683542,"ED1"
"mini-bar","mini-bar",45684220,"ED1"
"mini-bar","minibar",45685862,"ED1"
"mini-golf","mini-golf",45688017,"ED1"
"mini-bar","minibar",45688497,"ED1"
"mini-bus","minibus",45787230,"ED4"
"mini-skirt","mini-skirt",46007534,"ED7"
"mini-sheath","mini-sheath",46072663,"ED9"
"mini-biography","mini-biographies",46191886,"EDC"
"mini-branch","MiniBranch",46350096,"EDG"
"mini-branch","MiniBranch",46350210,"EDG"
"mini-branch","MiniBranch",46350270,"EDG"
"mini-boom","mini-boom",46566831,"EDN"
"mini-ethnic","mini-ethnic",46746682,"EDU"
"mini-series","mini-series",46772220,"EDY"
"mini-tab","Minitab",47002569,"EE8"
"mini-drama","mini-dramas",47195240,"EEF"
"mini-computer","mini-computers",47208145,"EEF"
"mini-mill","mini-mills",47208202,"EEF"
"mini-mill","mini-mill",47208230,"EEF"
"mini-bar","mini-bar",47488902,"EET"
"mini-bar","mini-bar",47490062,"EET"
"mini-bar","mini-bar",47490185,"EET"
"mini-bar","mini-bar",47490638,"EET"
"mini-bar","mini-bar",47491478,"EET"
"mini-bar","mini-bar",47491678,"EET"
"mini-bar","mini-bar",47491809,"EET"
"mini-gym","Mini-gym",47494259,"EET"
"mini-bar","mini-bar",47494289,"EET"
"mini-bar","minibar",47495240,"EET"
"mini-bar","mini-bar",47495318,"EET"
"mini-bar","mini-bar",47495422,"EET"
"mini-bar","mini-bar",47495820,"EET"
"mini-bar","mini-bar",47496072,"EET"
"mini-bar","mini-bar",47496163,"EET"
"mini-bar","mini-bar",47496521,"EET"
"mini-fridge","mini-fridge",47500346,"EET"
"mini-bar","minibar",47500772,"EET"
"mini-fridge","mini-fridge",47500945,"EET"
"mini-fridge","mini-fridge",47501857,"EET"
"mini-sailing","mini-sailing",47506092,"EET"
"mini-bar","mini-bar",47506155,"EET"
"mini-bar","mini-bar",47509616,"EET"
"mini-uzi","Mini-Uzi",47663809,"EF1"
"mini-uzi","Mini-Uzi",47663916,"EF1"
"mini-computer","minicomputer",47845611,"EF6"
"mini-tel","minitel",47863033,"EF6"
"mini-tel","minitel",47863049,"EF6"
"mini-tel","minitel",47864595,"EF6"
"mini-break","Mini-breaks",47953267,"EFC"
"mini-bar","mini-bar",48009050,"EFE"
"mini-craft","Minicraft",48098637,"EFG"
"mini-concordat","mini-concordat",48226917,"EFN"
"mini-bus","minibus",48608442,"EG0"
"mini-general","mini-general",48621441,"EG0"
"mini-aquarium","mini-aquarium",48624206,"EUR"
"mini-aquarium","mini-aquaria",48624349,"EUR"
"mini-aquarium","MINI-AQUARIUM",48624502,"EUR"
"mini-aquarium","MINI-AQUARIUM",48624763,"EUR"
"mini-aquarium","mini-aquarium",48626034,"EUR"
"mini-aquarium","mini-aquarium",48634342,"EUR"
"mini-computer","minicomputers",48645185,"EUS"
"mini-computer","minicomputer",48648672,"EUS"
"mini-computer","mini-computers",48648727,"EUS"
"mini-computer","minicomputers",48662126,"EUS"
"mini-computer","minicomputer",48662146,"EUS"
"mini-scan","mini-SCAN",48739643,"EUW"
"mini-season","mini-season",49117394,"EVC"
"mini-cab","minicab",49326466,"EVK"
"mini-enterprise","Mini-Enterprise",49331359,"EVM"
"mini-enterprise","Mini-Enterprise",49331367,"EVM"
"mini-enterprise","Mini-Enterprise",49331679,"EVM"
"mini-enterprise","Mini-Enterprise",49332870,"EVM"
"mini-enterprise","Mini-Enterprise",49333746,"EVM"
"mini-enterprise","Mini-Enterprise",49334472,"EVM"
"mini-enterprise","Mini-Enterprise",49335534,"EVM"
"mini-enterprise","Mini-Enterprise",49336998,"EVM"
"mini-enterprise","Mini-Enterprise",49337475,"EVM"
"mini-enterprise","Mini-Enterprise",49337993,"EVM"
"mini-enterprise","Mini-Enterprise",49337994,"EVM"
"mini-enterprise","Mini-Enterprise",49338018,"EVM"
"mini-enterprise","Mini-Enterprise",49338043,"EVM"
"mini-enterprise","Mini-Enterprise",49338074,"EVM"
"mini-enterprise","Mini-Enterprise",49338109,"EVM"
"mini-enterprise","Mini-Enterprise",49338759,"EVM"
"mini-enterprise","Mini-Enterprise",49338888,"EVM"
"mini-enterprise","Mini-Enterprise",49340724,"EVM"
"mini-enterprise","Mini-Enterprise",49342824,"EVM"
"mini-enterprise","Mini-Enterprise",49345084,"EVM"
"mini-enterprise","Mini-Enterprise",49346444,"EVM"
"mini-enterprise","Mini-Enterprise",49346447,"EVM"
"mini-enterprise","Mini-Enterprise",49346526,"EVM"
"mini-enterprise","Mini-Enterprise",49346568,"EVM"
"mini-enterprise","Mini-Enterprise",49347391,"EVM"
"mini-enterprise","Mini-Enterprise",49349909,"EVM"
"mini-enterprise","Mini-Enterprise",49351548,"EVM"
"mini-region","mini-region",49678818,"EW4"
"mini-bus","minibus",49892824,"EW9"
"mini-bus","minibuses",49967414,"EWB"
"mini-freighter","minifreighter",50171306,"EWS"
"mini-freighter","minifreighters",50171393,"EWS"
"mini-freighter","Minifreighter",50173275,"EWS"
"mini-freighter","Minifreighters",50173790,"EWS"
"mini-trampoline","mini-trampoline",50236538,"EWX"
"mini-survey","mini-survey",50386662,"EX6"
"mini-cab","mini-cab",50408019,"EX6"
"mini-holiday","mini-holiday",50674022,"F8B"
"mini-cassette","minicassettes",50786325,"F8U"
"mini-cassette","minicassette",50786332,"F8U"
"mini-cassette","minicassettes",50786339,"F8U"
"mini-cassette","minicassettes",50786421,"F8U"
"mini-cassette","minicassettes",50786494,"F8U"
"mini-cassette","minicassette",50786510,"F8U"
"mini-bus","mini-bus",51115836,"F9H"
"mini-bus","mini-bus",51117265,"F9H"
"mini-monster","mini-monster",51122754,"F9H"
"mini-series","mini-series",51176464,"F9J"
"mini-beast","mini-beasts",51438171,"F9T"
"mini-train","mini-train",51820047,"FA2"
"mini-spa","mini-spa",51837339,"FA2"
"mini-computer","minicomputers",51966908,"FA8"
"mini-computer","minicomputer",51966913,"FA8"
"mini-computer","minicomputer",51966935,"FA8"
"mini-computer","minicomputer",51966983,"FA8"
"mini-skirt","miniskirt",52065143,"FAB"
"mini-revolution","mini-revolution",52227932,"FAF"
"mini-revolution","mini-revolution",52269154,"FAF"
"mini-mill","minimills",52325996,"FAH"
"mini-bus","minibus",52736538,"FAV"
"mini-bus","mini-bus",52964235,"FB2"
"mini-bus","Mini-bus",52968200,"FB2"
"mini-bus","mini-buses",52968229,"FB2"
"mini-skirt","mini-skirt",53218618,"FB9"
"mini-conglomerate","miniconglomerate",53617162,"FBL"
"mini-skirt","mini-skirt",53628766,"FBL"
"mini-computer","mini-computers",53804611,"FBP"
"mini-roundabout","mini-roundabouts",55395500,"FM1"
"mini-max","minimax",55638716,"FNR"
"mini-max","minimax",55638881,"FNR"
"mini-skirt","mini-skirt",56251831,"FP9"
"mini-skirt","mini-skirt",56251997,"FP9"
"mini-mohican","mini-mohican",56271586,"FP9"
"mini-skirt","miniskirts",56310639,"FPB"
"mini-file","mini-file",56449888,"FPG"
"mini-bus","minibuses",56770040,"FPR"
"mini-heater","mini-heater",56972701,"FR0"
"mini-bus","minibuses",57030321,"FR2"
"mini-bus","minibus",57249467,"FR9"
"mini-bus","minibus",57258349,"FR9"
"mini-bus","minibus",57278073,"FR9"
"mini-tab","Minitab",57546613,"FRG"
"mini-max","Minimax",57757648,"FRN"
"mini-max","minimax",57757711,"FRN"
"mini-max","minimax",57757792,"FRN"
"mini-max","minimax",57757959,"FRN"
"mini-max","minimax",57758369,"FRN"
"mini-max","minimax",57758531,"FRN"
"mini-max","minimax",57758555,"FRN"
"mini-max","minimax",57758619,"FRN"
"mini-max","minimax",57758721,"FRN"
"mini-max","minimax",57758807,"FRN"
"mini-max","minimax",57758829,"FRN"
"mini-mill","mini-mill",57779359,"FRN"
"mini-bar","mini-bar",57805568,"FRS"
"mini-campaign","mini-campaign",57924888,"FS0"
"mini-skirt","mini-skirt",58426075,"FSP"
"mini-gear","mini-gear",58453362,"FSP"
"mini-gasometer","mini-gasometers",58485278,"FSR"
"mini-guide","mini-guides",58676171,"FSV"
"mini-dictionary","Minidictionaries",58708993,"FSW"
"mini-dictionary","Minidictionary",58709037,"FSW"
"mini-satellite","minisatellite",58738971,"FSY"
"mini-epidemic","miniepidemics",58785082,"FT0"
"mini-bead","minibead",58805621,"FT1"
"mini-tab","Minitab",58811640,"FT1"
"mini-clinic","miniclinics",58849235,"FT2"
"mini-clinic","miniclinics",58864867,"FT2"
"mini-clinic","miniclinics",58864915,"FT2"
"mini-clinic","miniclinics",58865062,"FT2"
"mini-clinic","miniclinic",58867760,"FT2"
"mini-clinic","miniclinic",58867935,"FT2"
"mini-clinic","miniclinics",58868179,"FT2"
"mini-clinic","miniclinics",58868247,"FT2"
"mini-clinic","miniclinic",58868920,"FT2"
"mini-clinic","miniclinics",58869227,"FT2"
"mini-clinic","miniclinics",58871294,"FT2"
"mini-clinic","miniclinic",58871623,"FT2"
"mini-clinic","miniclinic",58871646,"FT2"
"mini-clinic","miniclinics",58872035,"FT2"
"mini-clinic","miniclinic",58872148,"FT2"
"mini-history","mini-history",59163882,"FT9"
"mini-extract","Miniextracts",59191046,"FTB"
"mini-prep","miniprep",59220410,"FTC"
"mini-preparation","minipreparation",59220576,"FTC"
"mini-cell","minicells",59221240,"FTC"
"mini-cell","minicells",59222390,"FTC"
"mini-cell","minicells",59223420,"FTC"
"mini-cell","minicell",59223707,"FTC"
"mini-cell","minicells",59224310,"FTC"
"mini-cell","minicells.",59225029,"FTC"
"mini-cell","minicells",59225040,"FTC"
"mini-cell","minicells",59225094,"FTC"
"mini-instrument","Mini-Instruments",59248488,"FTC"
"mini-exon","mini-exon",59256402,"FTD"
"mini-goose","mini-goose",60203048,"FY7"
"mini-spot","mini-spot",60612598,"FYY"
"mini-computer","minicomputer",60618472,"G00"
"mini-DIN_connector","mini-DIN",60692998,"G00"
"mini-bar","mini-bar",60763380,"G01"
"mini-depression","mini-depression",61198421,"G0C"
"mini-township","mini-townships",61209051,"G0C"
"mini-skirt","miniskirt",61277555,"G0E"
"mini-skirt","miniskirt",61279522,"G0E"
"mini-retrieval","Mini-Retrieval",61459205,"G0K"
"mini-project","mini-projects",61711425,"G0R"
"mini-town","mini-town",62484475,"G1C"
"mini-town","mini-town",62484933,"G1C"
"mini-cab","mini-cab",62526181,"G1D"
"mini-skirt","mini-skirts",62534645,"G1D"
"mini-class","mini-classes",62621634,"G1F"
"mini-police","mini-police",62746292,"G1H"
"mini-memoir","minimemoirs",62938175,"G1N"
"mini-freezer","mini-freezer",63052289,"G1W"
"mini-udc","mini-UDCs",63199433,"G20"
"mini-roundabout","mini-roundabout",63381392,"G2A"
"mini-roundabout","mini-roundabout",63393064,"G2A"
"mini-bus","minibus",63414105,"G2B"
"mini-bus","Minibus",63422200,"G2B"
"mini-tour","mini-tours",63437676,"G2C"
"mini-series","miniseries",63504002,"G2E"
"mini-bus","minibus",63525294,"G2E"
"mini-trip","mini-trips",63560260,"G2E"
"mini-series","miniseries",63567161,"G2E"
"mini-break","mini-break",63583707,"G2F"
"mini-break","mini-breaks",63591877,"G2F"
"mini-bus","minibus",63603369,"G2F"
"mini-tractor","mini-tractors",63619632,"G2F"
"mini-bus","minibus",63751436,"G2N"
"mini-bus","minibus",63751547,"G2N"
"mini-gymnasia","mini-gymnasia",63820753,"G2T"
"mini-breakdown","mini-breakdown",63867549,"G2V"
"mini-trampoline","mini-trampolines",63871532,"G2V"
"mini-dress","mini-dress",63885464,"G2V"
"mini-lab","Minilab",63965787,"G2Y"
"mini-safari","mini-safari",64067404,"G33"
"mini-pig","Minipigs",64082785,"G33"
"mini-series","mini-series",64160632,"G35"
"mini-series","mini-series",64200081,"G36"
"mini-group","mini-group",64455551,"G3D"
"mini-ceptor","mini-ceptor",64561194,"G3G"
"mini-blazer","mini-blazer",64573836,"G3G"
"mini-comm","mini-comm",64574505,"G3G"
"mini-blazer","mini-blazers",64575200,"G3G"
"mini-grenade","mini-grenade",64575276,"G3G"
"mini-weapon","mini-weapons",64586981,"G3G"
"mini-device","mini-devices",64588631,"G3G"
"mini-scrambler","mini-scrambler",64589265,"G3G"
"mini-stage","mini-stage",64589990,"G3G"
"mini-weapon","mini-weapons",64591633,"G3G"
"mini-ceptor","mini-ceptor",64597787,"G3G"
"mini-boom","mini-booms",64740764,"G3L"
"mini-skirt","miniskirt",64847206,"G3R"
"mini-show","mini-shows",65852462,"GTC"
"mini-cab","minicab",66126826,"GU6"
"mini-brain","mini-brain",66238795,"GU8"
"mini-skirt","miniskirts",66270458,"GU9"
"mini-cab","mini-cab",66500981,"GUE"
"mini-cab","mini-cab",66501478,"GUE"
"mini-cab","minicab",66546143,"GUF"
"mini-cab","minicab",66550399,"GUF"
"mini-cab","minicab",66574653,"GUF"
"mini-bus","mini-bus",66839139,"GUR"
"mini-cab","mini-cab",66839524,"GUR"
"mini-bus","mini-bus",66839848,"GUR"
"mini-bus","mini-bus",66841430,"GUR"
"mini-bus","mini-bus",66841646,"GUR"
"mini-bus","mini-bus",66842100,"GUR"
"mini-computer","mini-computers",67091396,"GUY"
"mini-computer","mini-computer",67091950,"GUY"
"mini-computer","mini-computer",67092040,"GUY"
"mini-computer","minicomputer",67092709,"GUY"
"mini-version","mini-version",67184502,"GV1"
"mini-computer","minicomputer",67512186,"GVD"
"mini-bus","minibus",67839604,"GVP"
"mini-bus","mini-bus",67846596,"GVP"
"mini-bus","mini-bus",67846749,"GVP"
"mini-bus","mini-bus",67849692,"GVP"
"mini-bus","mini-bus",67857652,"GVP"
"mini-bus","mini-bus",67861644,"GVP"
"mini-bus","minibus",68033261,"GVU"
"mini-bus","minibus",68033294,"GVU"
"mini-bus","minibus",68033713,"GVU"
"mini-bus","minibus",68033805,"GVU"
"mini-bus","minibus",68034649,"GVU"
"mini-bus","minibus",68035058,"GVU"
"mini-bus","minibus",68035073,"GVU"
"mini-cab","minicab",68171642,"GW0"
"mini-cab","minicab",68172011,"GW0"
"mini-hawk","Minihawks",68548098,"GW9"
"mini-institution","mini-institution",68783297,"GWJ"
"mini-print","mini-prints",68797064,"GWK"
"mini-series","mini-series",68827090,"GWL"
"mini-series","mini-series",68828236,"GWL"
"mini-series","mini-series",68829726,"GWL"
"mini-bus","mini-bus",69021547,"GX9"
"mini-tunnel","mini-tunnel",69229096,"GXJ"
"mini-tunnel","mini-tunnel",69229115,"GXJ"
"mini-collapse","mini-collapse",69254281,"GXJ"
"mini-skirt","mini-skirts",69545128,"H07"
"mini-assault","mini-assault",69567624,"H07"
"mini-township","mini-townships",69736544,"H0C"
"mini-bus","minibus",69746513,"H0C"
"mini-raid","mini-raid",70352212,"H46"
"mini-industry","mini-industry",70369970,"H46"
"mini-printer","miniprinter",70739918,"H7B"
"mini-computer","minicomputers",70751069,"H7B"
"mini-computer","minicomputers",70751225,"H7B"
"mini-computer","minicomputers",70752258,"H7B"
"mini-computer","minicomputer",70752534,"H7B"
"mini-publication","mini-publication",70899558,"H7K"
"mini-reef","Minireefs",70902770,"H7K"
"mini-unconformity","mini-unconformity",70910162,"H7K"
"mini-skirt","mini-skirts",70921756,"H7K"
"mini-skirt","mini-skirt",70921783,"H7K"
"mini-skirt","mini-skirts",70921858,"H7K"
"mini-step","mini-steps",70984155,"H7R"
"mini-step","mini-step",70984229,"H7R"
"mini-step","Mini-step",70984247,"H7R"
"mini-step","mini-step",70984291,"H7R"
"mini-step","mini-steps",70984308,"H7R"
"mini-step","mini-step",70984316,"H7R"
"mini-step","mini-step",70984354,"H7R"
"mini-step","Mini-step",70984365,"H7R"
"mini-step","mini-step",70984418,"H7R"
"mini-step","mini-step",70984452,"H7R"
"mini-step","mini-steps",70984562,"H7R"
"mini-step","mini-steps",70984565,"H7R"
"mini-step","mini-steps",70984579,"H7R"
"mini-step","mini-step",70984602,"H7R"
"mini-step","mini-steps",70984615,"H7R"
"mini-step","mini-step",70984648,"H7R"
"mini-step","mini-step",70984675,"H7R"
"mini-step","mini-step",70984769,"H7R"
"mini-stepping","ministepping",71010323,"H7R"
"mini-stepping","ministepping",71010333,"H7R"
"mini-step","ministep",71010363,"H7R"
"mini-step","ministep",71010374,"H7R"
"mini-step","ministep",71010409,"H7R"
"mini-step","ministeps",71010458,"H7R"
"mini-step","ministep",71010463,"H7R"
"mini-cell","mini-cells",71275321,"H7X"
"mini-figure","mini-figure",71466163,"H83"
"mini-bus","minibus",71663858,"H88"
"mini-cab","mini-cab",72252867,"H8M"
"mini-bar","mini-bar",72404875,"H8T"
"mini-bar","mini-bar",72406580,"H8T"
"mini-bar","mini-bar",72408240,"H8T"
"mini-lecture","mini-lecture",72809365,"H94"
"mini-spasm","mini-spasm",73400231,"H9L"
"mini-computer","mini-computers",73529659,"H9R"
"mini-stroke","mini-strokes",73778906,"H9Y"
"mini-cab","mini-cab",73796422,"H9Y"
"mini-bar","mini-bar",73812742,"HA0"
"mini-van","mini-van",73883249,"HA1"
"mini-dress","mini-dress",74291041,"HA9"
"mini-tower","mini-tower",74325415,"HAC"
"mini-tower","mini-tower",74325450,"HAC"
"mini-tower","Mini-Tower",74347104,"HAC"
"mini-network","mini-network",74376894,"HAC"
"mini-recording","mini-recording",74427884,"HAC"
"mini-scribe","Miniscribes",74498746,"HAC"
"mini-skirt","mini-skirt",74630214,"HAE"
"mini-cab","minicab",74643800,"HAF"
"mini-cab","minicab",74643890,"HAF"
"mini-dress","mini-dress",74644639,"HAF"
"mini-bus","minibus",74822848,"HB3"
"mini-bus","minibus",74822871,"HB3"
"mini-lab","minilab",75133825,"HBP"
"mini-audit","mini-Audit",75197347,"HC1"
"mini-bar","mini-bars",75277095,"HC4"
"mini-bar","minibar",75277970,"HC4"
"mini-bus","minibus",75347113,"HCH"
"mini-textbook","mini-textbook",75408661,"HCR"
"mini-bus","mini-bus",75468119,"HD0"
"mini-bus","minibus",75491039,"HD2"
"mini-bus","minibus",75491088,"HD2"
"mini-bus","minibus",75601984,"HD7"
"mini-bus","minibus",75602159,"HD7"
"mini-bus","minibus",75603554,"HD7"
"mini-bus","minibus",75603685,"HD7"
"mini-cab","mini-cab",76478792,"HGL"
"mini-basket","mini-basket",76492750,"HGL"
"mini-dress","mini-dress",76495757,"HGL"
"mini-fridge","mini-fridge",76610646,"HGN"
"mini-disaster","mini-disasters",76788149,"HGT"
"mini-cab","minicab",76858320,"HGU"
"mini-flower","mini-flower",76986550,"HGW"
"mini-printer","mini-printer",77034408,"HGX"
"mini-printer","mini-printer",77038627,"HGX"
"mini-swimming-pool","mini-swimming-pool",77130040,"HH0"
"mini-cab","mini-cab",77132161,"HH0"
"mini-laboratory","mini-laboratory",77143056,"HH0"
"mini-shampoo","mini-shampoo",77154370,"HH0"
"mini-miracle","minimiracle",77333989,"HH3"
"mini-bus","minibus",77348822,"HH3"
"mini-bus","mini-bus",77443600,"HH3"
"mini-cow","mini-cow",77555635,"HH3"
"mini-trunking","Mini-trunking",77685504,"HH6"
"mini-trunking","mini-trunking",77685567,"HH6"
"mini-bus","minibus",77945590,"HHB"
"mini-bus","minibus",77945727,"HHB"
"mini-bus","minibus",77948764,"HHB"
"mini-bus","minibus",77950511,"HHB"
"mini-bus","minibus",77950585,"HHB"
"mini-bus","minibus",77950685,"HHB"
"mini-bus","minibus",77951080,"HHB"
"mini-bus","minibus",77952757,"HHB"
"mini-bus","minibus",77952972,"HHB"
"mini-bus","minibus",77953192,"HHB"
"mini-bus","minibus",77955643,"HHB"
"mini-bus","minibus",77986119,"HHB"
"mini-bus","minibus",77986923,"HHB"
"mini-bus","minibus",77987153,"HHB"
"mini-bus","minibus",77988082,"HHB"
"mini-bus","minibus",77990552,"HHB"
"mini-bus","minibus",77991336,"HHB"
"mini-talk","mini-talks",78122301,"HHS"
"mini-bus","minibus",78585008,"HHV"
"mini-cab","minicab",78935900,"HHX"
"mini-cab","minicab",78937136,"HHX"
"mini-bus","minibus",79244461,"HHX"
"mini-max","minimax",79389661,"HHY"
"mini-theatre","mini-theatre",79471075,"HJ0"
"mini-bus","minibuses",79865082,"HJ1"
"mini-bus","minibuses",79865158,"HJ1"
"mini-series","mini-series",79937307,"HJ3"
"mini-league","mini-league",80075017,"HJ3"
"mini-rugby","mini-rugby",80164927,"HJ4"
"mini-rugby","mini-rugby",80165003,"HJ4"
"mini-rugby","mini-rugby",80165033,"HJ4"
"mini-rugby","Mini-rugby",80165042,"HJ4"
"mini-marathon","mini-marathon",80236697,"HJ4"
"mini-dress","mini-dress",80312068,"HJ4"
"mini-world","mini-world",80317085,"HJ4"
"mini-bus","Minibus",80501044,"HJ8"
"mini-bus","minibuses",80501063,"HJ8"
"mini-bus","minibuses",80501130,"HJ8"
"mini-bus","Minibus",80505114,"HJ8"
"mini-bus","minibuses",80505144,"HJ8"
"mini-computer","minicomputer",80545171,"HJA"
"mini-computer","minicomputer",80545486,"HJA"
"mini-computer","minicomputer",80545582,"HJA"
"mini-tab","Minitab",80548537,"HJA"
"mini-tab","Minitab",80548929,"HJA"
"mini-tab","minitab",80555732,"HJA"
"mini-computer","minicomputers",80582621,"HJA"
"mini-computer","minicomputer",80590301,"HJA"
"mini-bus","Minibuses",80605813,"HJB"
"mini-bus","mini-buses",80725555,"HJG"
"mini-language","mini-language",80839891,"HJW"
"mini-roundabout","mini-roundabout",80853834,"HKA"
"mini-roundabout","mini-roundabout",80853948,"HKA"
"mini-constitution","mini-constitution",80970227,"HKR"
"mini-parliament","mini-parliament",80975096,"HKR"
"mini-constitution","mini-constitution",81065808,"HKS"
"mini-constitution","mini-constitution",81141698,"HKT"
"mini-budget","mini-budget",81196631,"HKT"
"mini-budget","mini-budget",81196638,"HKT"
"mini-jmc","mini-JMCs",81402515,"HKV"
"mini-jmc","mini-JMCs",81402593,"HKV"
"mini-bus","minibus",81615430,"HKY"
"mini-bus","minibus",81615477,"HKY"
"mini-uzi","Mini-Uzis",81747646,"HL0"
"mini-bus","minibus",81894726,"HL2"
"mini-summit","mini-summit",81919319,"HL3"
"mini-bus","minibus",81983274,"HL4"
"mini-summit","mini-summit",82129636,"HL5"
"mini-civil","mini-civil",82134337,"HL5"
"mini-bus","minibus",82207382,"HL6"
"mini-summit","mini-summit",82374620,"HL8"
"mini-computer","mini-computers",82458535,"HL9"
"mini-charter","mini-charters",82483604,"HL9"
"mini-bus","minibus",82550859,"HLA"
"mini-budget","mini-budget",82660839,"HLB"
"mini-budget","mini-budget",82661397,"HLB"
"mini-budget","mini-budget",82728204,"HLC"
"mini-constitution","mini-constitution",82846301,"HLD"
"mini-budget","mini-budget",82896143,"HLD"
"mini-budget","mini-budget",82896286,"HLD"
"mini-constitution","mini-constitution",82955793,"HLE"
"mini-congress","mini-congress",83082389,"HLG"
"mini-bus","minibus",83252396,"HLK"
"mini-cruise","mini-cruise",83853885,"HMD"
"mini-cruise","mini-cruise",83853987,"HMD"
"mini-bar","mini-bar",84017693,"HNK"
"mini-bar","minibar",84401202,"HP4"
"mini-bar","minibar",84401275,"HP4"
"mini-marathon","mini-marathon",84415014,"HP4"
"mini-skirt","mini-skirt",84438907,"HP6"
"mini-bus","mini-bus",84445987,"HP6"
"mini-break","mini-break",84514389,"HPB"
"mini-break","mini-break",84524833,"HPC"
"mini-bus","minibus",84647803,"HPK"
"mini-bus","minibus",84649685,"HPK"
"mini-bus","minibus",84826890,"HPP"
"mini-computer","minicomputer",85281253,"HR3"
"mini-skirt","mini-skirt",85486653,"HR9"
"mini-computer","minicomputer",85671733,"HRD"
"mini-computer","minicomputer",85937157,"HRK"
"mini-computing","mini-computing",86653701,"HTD"
"mini-project","mini-projects",86676443,"HTD"
"mini-skirt","miniskirts",86997929,"HTL"
"mini-gun","Minigun",87327863,"HTU"
"mini-gun","Mini-Gun",87356363,"HTU"
"mini-grip","Minigrip",87649280,"HU1"
"mini-chromosome","minichromosomes",87703673,"HU2"
"mini-pump","minipumps",87748051,"HU2"
"mini-pump","minipumps",87748680,"HU2"
"mini-pump","minipumps",87748739,"HU2"
"mini-pump","minipumps",87749981,"HU2"
"mini-pig","minipig",88045384,"HU4"
"mini-tab","Minitab",88081170,"HU4"
"mini-skirt","mini-skirt",88799131,"HW8"
"mini-skirt","mini-skirt",88799862,"HW8"
"mini-cab","minicab",88802137,"HW8"
"mini-cab","minicab",88814769,"HW8"
"mini-fit","mini-fits",88992073,"HWC"
"mini-computer","mini-computer",89142268,"HWF"
"mini-cab","minicab",89487610,"HWL"
"mini-cab","Minicab",89570053,"HWN"
"mini-cab","minicab",89570153,"HWN"
"mini-cab","minicab",89595709,"HWN"
"mini-bus","minibus",89613730,"HWN"
"mini-cholecystectomy","minicholecystectomy",89669665,"HWS"
"mini-cholecystectomy","minicholecystectomy",89670200,"HWS"
"mini-cholecystectomy","minicholecystectomy",89670456,"HWS"
"mini-incision","mini-incisions",89673030,"HWS"
"mini-cholecystostomy","minicholecystostomy",89673265,"HWS"
"mini-cholecystectomy","minicholecystectomy",89674206,"HWS"
"mini-puls","Minipuls",89685902,"HWS"
"mini-tab","mini-tab",89712478,"HWS"
"mini-tab","Minitab",89839498,"HWS"
"mini-tab","Minitab",89839501,"HWS"
"mini-tab","Minitab",89839570,"HWS"
"mini-mental","Mini-mental",89928043,"HWU"
"mini-mental","Mini-Mental",89970236,"HWU"
"mini-album","mini-album",90072306,"HWX"
"mini-riot","mini-riot",90073196,"HWX"
"mini-tour","mini-tour",90074303,"HWX"
"mini-album","mini-album",90114609,"HWX"
"mini-launch","mini-launch",90168472,"HX2"
"mini-qualification","mini-qualification",90182051,"HX3"
"mini-bus","minibus",90509257,"HXE"
"mini-cab","mini-cab",90945835,"HXV"
"mini-computer","minicomputers",91904454,"J0V"
"mini-disk","minidisk",91961680,"J0V"
"mini-disk","minidisks",91961695,"J0V"
"mini-disk","minidisks",91963662,"J0V"
"mini-pitch","mini-pitch",92701722,"J1F"
"mini-nation","mini-nation",92769398,"J1H"
"mini-league","mini-league",92808351,"J1H"
"mini-revival","mini-revival",92820227,"J1H"
"mini-flyweight","mini-flyweight",92908448,"J1M"
"mini-flyweight","mini-flyweight",92911811,"J1M"
"mini-flyweight","mini-flyweight",92914835,"J1M"
"mini-flyweight","Mini-flyweight",92914972,"J1M"
"mini-computer","minicomputer",93009287,"J26"
"mini-pupillage","mini-pupillages",93046972,"J2B"
"mini-meadow","Mini-meadows",93345513,"J2X"
"mini-meadow","mini-meadows",93345561,"J2X"
"mini-van","minivans",93368751,"J2Y"
"mini-hydro","mini-hydro",93422810,"J33"
"mini-earthquake","mini-earthquakes",93466527,"J36"
"mini-bus","minibuses",93836757,"J43"
"mini-bus","minibuses",93836833,"J43"
"mini-bus","minibuses",93853212,"J44"
"mini-bus","minibuses",93853504,"J44"
"mini-bus","minibuses",93853685,"J44"
"mini-city","mini-cities",93933066,"J53"
"mini-car","minicars",93941272,"J53"
"mini-bus","minibuses",93941274,"J53"
"mini-skirt","mini-skirt",95083089,"J87"
"mini-bus","minibus",95203859,"J92"
"mini-bus","minibus",95207997,"J92"
"mini-bus","minibus",95208061,"J92"
"mini-bus","minibus",95208625,"J92"
"mini-bus","minibus",96636600,"JTC"
"mini-bus","minibus",96636608,"JTC"
"mini-bus","minibus",96636616,"JTC"
"mini-constitutional","miniconstitutional",96776941,"JXJ"
"mini-computer","minicomputers",96796739,"JXK"
"mini-computer","minicomputer",96796816,"JXK"
"mini-computer","minicomputers",96796844,"JXK"
"mini-computer","minicomputers",96796864,"JXK"
"mini-computer","minicomputers",96796903,"JXK"
"mini-skirt","mini-skirt",96997947,"JXT"
"mini-bus","minibus",97103654,"JXU"
"mini-bus","minibus",97311676,"JXY"
"mini-bus","minibus",97311759,"JXY"
"mini-bus","minibus",97311844,"JXY"
"mini-bus","minibus",97311879,"JXY"
"mini-bus","minibus",97323937,"JXY"
"mini-bus","minibus",97324564,"JXY"
"mini-bus","minibus",97325971,"JXY"
"mini-bus","minibus",97333575,"JXY"
"mini-bus","minibus",97336844,"JXY"
"mini-bus","minibus",97336911,"JXY"
"mini-bus","minibus",97336982,"JXY"
"mini-van","mini-van",97547897,"JY3"
"mini-van","mini-van",97556398,"JY3"
"mini-van","mini-van",97556434,"JY3"
"mini-skirt","mini-skirt",97564548,"JY3"
"mini-dress","mini-dress",98030820,"JYA"
"mini-moke","mini-moke",98226519,"JYD"
"mini-bus","minibus",98593046,"K1E"
"mini-bus","minibus",98593077,"K1E"
"mini-skirt","mini-skirt",98786643,"K1K"
"mini-skirt","mini-skirt",98826508,"K1K"
"mini-bus","minibus",98938903,"K1N"
"mini-bus","minibus",99127204,"K1T"
"mini-city","mini-city",99127874,"K1T"
"mini-site","mini-sites",99327646,"K1X"
"mini-bus","minibus",99555549,"K23"
"mini-bus","Minibus",99676564,"K26"
"mini-bus","minibus",99676693,"K26"
"mini-bus","minibus",99751712,"K27"
"mini-series","mini-series",99839779,"K2D"
"mini-state","ministates",99887794,"K2F"
"mini-exhibition","mini-exhibition",99914008,"K2L"
"mini-bus","mini-buses",99955373,"K2N"
"mini-bus","minibus",99970728,"K2R"
"mini-bus","mini-bus",100037127,"K2W"
"mini-catalogue","mini-catalogue",100047469,"K2W"
"mini-earth","mini-Earth",100073521,"K2X"
"mini-series","mini-series",100075566,"K2Y"
"mini-series","mini-series",100076610,"K2Y"
"mini-holiday","mini-holidays",100421159,"K3P"
"mini-mad","MINI-MAD",100478278,"K3X"
"mini-mad","Mini-Mad",100478456,"K3X"
"mini-skip","mini-skip",100519062,"K41"
"mini-bus","minibus",100644928,"K4E"
"mini-flock","mini-flock",100655341,"K4E"
"mini-series","mini-series",100746631,"K4M"
"mini-bus","minibus",100917493,"K4T"
"mini-bus","minibus",100917523,"K4T"
"mini-bus","minibus",100917571,"K4T"
"mini-lake","mini-lake",101115913,"K4U"
"mini-bus","minibus",101211054,"K4W"
"mini-bus","minibus",101211064,"K4W"
"mini-bus","minibus",101211184,"K4W"
"mini-bus","minibus",101212256,"K4W"
"mini-bus","minibus",101212266,"K4W"
"mini-bus","minibus",101212382,"K4W"
"mini-bus","minibus",101212422,"K4W"
"mini-bus","minibus",101239865,"K4W"
"mini-enterprise","mini-enterprise",101257054,"K4W"
"mini-skirt","mini-skirt",101321478,"K4W"
"mini-bus","minibus",101370291,"K4W"
"mini-bin","mini-bins",101371792,"K4W"
"mini-enterprise","mini-enterprise",101374487,"K4W"
"mini-cathedral","mini-cathedral",101379934,"K4W"
"mini-bus","minibus",101398280,"K4W"
"mini-bus","minibus",101398350,"K4W"
"mini-bus","minibus",101457609,"K50"
"mini-dockland","mini-Docklands",101470674,"K51"
"mini-bus","minibus",101473287,"K51"
"mini-bus","minibus",101703320,"K54"
"mini-bus","minibus",101804237,"K54"
"mini-bus","minibus",101804264,"K54"
"mini-bus","minibus",101804488,"K54"
"mini-proof","mini-proof",101815970,"K54"
"mini-bus","minibus",101857413,"K55"
"mini-bus","minibus",101857438,"K55"
"mini-bus","minibus",101857490,"K55"
"mini-print","Miniprint",101930965,"K55"
"mini-bus","mini-buses",101935748,"K55"
"mini-bus","minibuses",101935824,"K55"
"mini-bus","minibuses",101935857,"K55"
"mini-bus","minibus",102032337,"K55"
"mini-bus","minibuses",102059215,"K57"
"mini-conglomerate","mini-conglomerate",102169815,"K59"
"mini-rugby","mini-rugby",102245133,"K5A"
"mini-cab","mini-cab",102532107,"K5D"
"mini-bus","minibus",102556428,"K5D"
"mini-cab","mini-cab",102718974,"K5D"
"mini-cab","mini-cab",102719093,"K5D"
"mini-tour","mini-tour",102784543,"K5F"
"mini-wurlitzer","mini-Wurlitzer",102803519,"K5F"
"mini-suite","mini-suite",102811974,"K5F"
"mini-festival","mini-festivals",102822149,"K5F"
"mini-bus","mini-bus",102916115,"K5H"
"mini-lagoon","mini-lagoons",103007933,"K5J"
"mini-bus","minibus",103153130,"K5M"
"mini-preparation","minipreparation",103430458,"K5N"
"mini-preparation","minipreparation",103430586,"K5N"
"mini-preparation","minipreparation",103430611,"K5N"
"mini-satellite","minisatellites",103496032,"K5U"
"mini-prep","miniprep",103511421,"K5X"
"mini-prep","miniprep",103511436,"K5X"
"mini-prep","miniprep",103511754,"K5X"
"mini-chromosome","minichromosomes",103523051,"K5Y"
"mini-chromosome","minichromosomes",103523065,"K5Y"
"mini-protean","miniprotean",103529081,"K5Y"
"mini-boom","mini-boom",104141035,"K8U"
"mini-boom","mini-boom",104141077,"K8U"
"mini-boom","mini-boom",104141187,"K8U"
"mini-boom","mini-boom",104143783,"K8U"
"mini-boom","mini-boom",104144291,"K8U"
"mini-boom","mini-boom",104144737,"K8U"
"mini-boom","mini-boom",104145361,"K8U"
"mini-boom","mini-boom",104145454,"K8U"
"mini-boom","mini-boom",104148369,"K8U"
"mini-bus","mini-bus",104186108,"K8V"
"mini-crash","mini-crash",104233656,"K8W"
"mini-tab","MINITAB",104317242,"K8Y"
"mini-rating","mini-rating",104320278,"K8Y"
"mini-bus","mini-bus",104641193,"K97"
"mini-roundabout","mini-roundabout",104672571,"K97"
"mini-budget","mini-Budget",104673427,"K97"
"mini-budget","mini-Budget",104679714,"K97"
"mini-budget","mini-Budget",104733565,"K97"
"mini-league","mini-leagues",104744373,"K97"
"mini-bus","mini-bus",104792334,"K97"
"mini-league","mini-leagues",104803129,"K97"
"mini-budget","mini-budget",104967678,"K97"
"mini-bus","Minibus",105072146,"K9C"
"mini-bus","minibus",105072178,"K9C"
"mini-bus","minibus",105100405,"K9D"
"mini-bus","minibus",105100454,"K9D"
"mini-bus","mini-bus",105203413,"K9S"
"mini-bus","minibus",105296949,"KA1"
"mini-bus","mini-bus",105296981,"KA1"
"mini-bus","mini-bus",105296998,"KA1"
"mini-festival","MINI-FESTIVAL",105387512,"KAC"
"mini-bazaar","mini-bazaar",105390940,"KAD"
"mini-bus","minibus",105453036,"KAL"
"mini-computer","mini-computer",105456226,"KAL"
"mini-budget","mini-budget",105634866,"KB1"
"mini-bus","minibus",105878916,"KB8"
"mini-bus","minibus",105878921,"KB8"
"mini-bus","minibus",105878937,"KB8"
"mini-bus","minibus",105878945,"KB8"
"mini-bus","minibus",105878953,"KB8"
"mini-bus","minibus",105878984,"KB8"
"mini-bus","minibus",105879002,"KB8"
"mini-bus","minibus",105879010,"KB8"
"mini-bus","Minibus",105879748,"KB8"
"mini-bus","minibus",105879753,"KB8"
"mini-bus","minibus",105879763,"KB8"
"mini-bus","minibus",105879783,"KB8"
"mini-bus","minibus",105879803,"KB8"
"mini-bus","minibus",105879839,"KB8"
"mini-bus","minibus",105879842,"KB8"
"mini-bus","minibus",105893190,"KB8"
"mini-bus","minibus",105893213,"KB8"
"mini-bus","minibus",105893380,"KB8"
"mini-bus","minibus",105893400,"KB8"
"mini-bus","minibus",105909061,"KB8"
"mini-bus","minibuses",105909100,"KB8"
"mini-bus","minibus",105909299,"KB8"
"mini-bus","minibus",105917786,"KB8"
"mini-bus","minibus",105918799,"KB8"
"mini-bus","minibus",105918865,"KB8"
"mini-bus","minibus",105918870,"KB8"
"mini-bus","minibus",105918983,"KB8"
"mini-bus","minibus",105919118,"KB8"
"mini-bus","minibus",105919260,"KB8"
"mini-bus","minibus",105920266,"KB8"
"mini-swimming_bath","mini-swimming",106164367,"KBD"
"mini-series","mini-series",106544111,"KBJ"
"mini-bus","minibus",106851159,"KBW"
"mini-bus","minibus",106851168,"KBW"
"mini-bus","minibus",106851213,"KBW"
"mini-skirt","mini-skirt",107191290,"KC5"
"mini-bus","minibus",107248029,"KC7"
"mini-bus","minibus",107248042,"KC7"
"mini-bus","minibus",107248065,"KC7"
"mini-bite","mini-bites",107600797,"KCH"
"mini-bus","minibus",107673783,"KCL"
"mini-bus","minibus",107923159,"KCT"
"mini-bus","minibus",107923180,"KCT"
"mini-bus","minibus",107923199,"KCT"
"mini-bus","minibus",107969833,"KCT"
"mini-bus","minibus",107980200,"KCT"
"mini-bus","minibus",107980529,"KCT"
"mini-bus","minibus",107982001,"KCT"
"mini-bus","minibus",107995051,"KCT"
"mini-bus","minibus",107999204,"KCT"
"mini-bus","minibus",108000414,"KCT"
"mini-bus","minibus",108000464,"KCT"
"mini-bus","minibus",108001010,"KCT"
"mini-bus","minibus",108162052,"KCX"
"mini-bus","minibus",109039875,"KDM"
"mini-bus","minibus",110325603,"KNS"
"mini-bus","minibus",110325736,"KNS"
"mini-bus","minibus",110325750,"KNS"
"mini-bus","minibus",110365717,"KP0"
"mini-bus","minibus",110365729,"KP0"
"mini-lecture","mini-lectures",111101999,"KRG"
"mini-bus","minibus",111627828,"KRT"
"mini-break","mini-breaks",111921848,"KS9"
"mini-break","Mini-breaks",111922499,"KS9"
"mini-break","mini-breaks",111922505,"KS9"
"mini-break","Mini-breaks",111923323,"KS9"
